seg_id,audio_path,F0semitoneFrom27.5Hz_sma3nz_amean,F0semitoneFrom27.5Hz_sma3nz_stddevNorm,F0semitoneFrom27.5Hz_sma3nz_percentile20.0,F0semitoneFrom27.5Hz_sma3nz_percentile50.0,F0semitoneFrom27.5Hz_sma3nz_percentile80.0,F0semitoneFrom27.5Hz_sma3nz_pctlrange0-2,F0semitoneFrom27.5Hz_sma3nz_meanRisingSlope,F0semitoneFrom27.5Hz_sma3nz_stddevRisingSlope,F0semitoneFrom27.5Hz_sma3nz_meanFallingSlope,F0semitoneFrom27.5Hz_sma3nz_stddevFallingSlope,loudness_sma3_amean,loudness_sma3_stddevNorm,loudness_sma3_percentile20.0,loudness_sma3_percentile50.0,loudness_sma3_percentile80.0,loudness_sma3_pctlrange0-2,loudness_sma3_meanRisingSlope,loudness_sma3_stddevRisingSlope,loudness_sma3_meanFallingSlope,loudness_sma3_stddevFallingSlope,spectralFlux_sma3_amean,spectralFlux_sma3_stddevNorm,mfcc1_sma3_amean,mfcc1_sma3_stddevNorm,mfcc2_sma3_amean,mfcc2_sma3_stddevNorm,mfcc3_sma3_amean,mfcc3_sma3_stddevNorm,mfcc4_sma3_amean,mfcc4_sma3_stddevNorm,jitterLocal_sma3nz_amean,jitterLocal_sma3nz_stddevNorm,shimmerLocaldB_sma3nz_amean,shimmerLocaldB_sma3nz_stddevNorm,HNRdBACF_sma3nz_amean,HNRdBACF_sma3nz_stddevNorm,logRelF0-H1-H2_sma3nz_amean,logRelF0-H1-H2_sma3nz_stddevNorm,logRelF0-H1-A3_sma3nz_amean,logRelF0-H1-A3_sma3nz_stddevNorm,F1frequency_sma3nz_amean,F1frequency_sma3nz_stddevNorm,F1bandwidth_sma3nz_amean,F1bandwidth_sma3nz_stddevNorm,F1amplitudeLogRelF0_sma3nz_amean,F1amplitudeLogRelF0_sma3nz_stddevNorm,F2frequency_sma3nz_amean,F2frequency_sma3nz_stddevNorm,F2bandwidth_sma3nz_amean,F2bandwidth_sma3nz_stddevNorm,F2amplitudeLogRelF0_sma3nz_amean,F2amplitudeLogRelF0_sma3nz_stddevNorm,F3frequency_sma3nz_amean,F3frequency_sma3nz_stddevNorm,F3bandwidth_sma3nz_amean,F3bandwidth_sma3nz_stddevNorm,F3amplitudeLogRelF0_sma3nz_amean,F3amplitudeLogRelF0_sma3nz_stddevNorm,alphaRatioV_sma3nz_amean,alphaRatioV_sma3nz_stddevNorm,hammarbergIndexV_sma3nz_amean,hammarbergIndexV_sma3nz_stddevNorm,slopeV0-500_sma3nz_amean,slopeV0-500_sma3nz_stddevNorm,slopeV500-1500_sma3nz_amean,slopeV500-1500_sma3nz_stddevNorm,spectralFluxV_sma3nz_amean,spectralFluxV_sma3nz_stddevNorm,mfcc1V_sma3nz_amean,mfcc1V_sma3nz_stddevNorm,mfcc2V_sma3nz_amean,mfcc2V_sma3nz_stddevNorm,mfcc3V_sma3nz_amean,mfcc3V_sma3nz_stddevNorm,mfcc4V_sma3nz_amean,mfcc4V_sma3nz_stddevNorm,alphaRatioUV_sma3nz_amean,hammarbergIndexUV_sma3nz_amean,slopeUV0-500_sma3nz_amean,slopeUV500-1500_sma3nz_amean,spectralFluxUV_sma3nz_amean,loudnessPeaksPerSec,VoicedSegmentsPerSec,MeanVoicedSegmentLengthSec,StddevVoicedSegmentLengthSec,MeanUnvoicedSegmentLength,StddevUnvoicedSegmentLength,equivalentSoundLevel_dBp
seg_0001,E:\Project\Python\dataProcess\Script\data\math\llm_reseg_fuzzy\audio\seg_0001.wav,37.84424591064453,0.3377645015716553,28.457260131835938,30.965351104736328,58.81324005126953,30.355979919433594,1276.122802734375,1017.2769165039062,366.2686767578125,377.0882873535156,0.12284723669290543,0.7152161598205566,0.04922790080308914,0.08124221861362457,0.2049621045589447,0.15573421120643616,2.2027084827423096,1.1831536293029785,2.0019664764404297,0.9938932061195374,0.01874903216958046,1.1333240270614624,-5.553440093994141,-2.260450601577759,8.997223854064941,1.3427098989486694,10.18144702911377,0.9948762059211731,-20.386882781982422,-0.5771511793136597,0.025139158591628075,0.8275309205055237,1.519326090812683,0.5680010914802551,0.4497200548648834,9.585165977478027,-1.5343332290649414,-4.418319225311279,5.4713287353515625,2.425715208053589,883.9601440429688,0.3608897030353546,1027.2620849609375,0.31016629934310913,-163.44583129882812,-0.45593810081481934,1973.5771484375,0.1805810183286667,935.1400146484375,0.2935538589954376,-153.98980712890625,-0.5084741711616516,2875.001953125,0.10217373073101044,916.19384765625,0.439160019159317,-150.62551879882812,-0.5399259328842163,2.257537841796875,5.619497776031494,2.759925127029419,5.346865177154541,0.10998044908046722,0.18656668066978455,-0.0013794093392789364,-12.240118026733398,0.03364430367946625,0.5921233892440796,-3.2180016040802,-5.451870441436768,5.828926086425781,2.8442440032958984,2.210721492767334,5.46917200088501,-27.300338745117188,-0.529447078704834,3.464279890060425,0.7067340016365051,0.10049542784690857,0.008944055996835232,0.014243298210203648,4.395604610443115,3.0640668869018555,0.07090909034013748,0.04660365357995033,0.23363634943962097,0.21910034120082855,-47.631492614746094
seg_0002,E:\Project\Python\dataProcess\Script\data\math\llm_reseg_fuzzy\audio\seg_0002.wav,36.327239990234375,0.16053687036037445,31.82488250732422,36.08899688720703,39.87498092651367,8.050098419189453,93.57875061035156,55.17060852050781,47.182159423828125,97.58879852294922,0.08013085275888443,0.8440657258033752,0.03836224228143692,0.04452391341328621,0.13238857686519623,0.09402633458375931,1.863310694694519,1.6674554347991943,1.3457139730453491,1.016400694847107,0.010189041495323181,1.5736502408981323,-3.085808277130127,-2.529036045074463,13.791607856750488,0.5568382143974304,12.466944694519043,0.7235947847366333,-15.212821006774902,-0.7935367226600647,0.040427640080451965,1.3178699016571045,1.4767347574234009,0.7313050627708435,4.492344379425049,0.8734033107757568,9.165027618408203,0.8464823961257935,17.05927085876465,0.6547913551330566,762.3628540039062,0.3228236734867096,1294.89404296875,0.2873607575893402,-171.0846710205078,-0.39166000485420227,1871.4656982421875,0.15985193848609924,829.352294921875,0.36959943175315857,-166.94090270996094,-0.406980037689209,2820.5048828125,0.07987421005964279,849.9400634765625,0.3975871205329895,-165.8904266357422,-0.42175060510635376,-8.251433372497559,-1.0967456102371216,13.254767417907715,0.7704285383224487,0.10023634135723114,0.15316300094127655,-0.010032485239207745,-1.6707435846328735,0.02849017269909382,0.7036188244819641,3.4711592197418213,2.63311767578125,20.027517318725586,0.5773516297340393,6.534354209899902,2.1583516597747803,-25.611692428588867,-0.5633140802383423,0.7551850080490112,4.6370954513549805,0.09451385587453842,0.013112518936395645,0.005919962655752897,1.9101125001907349,1.2457531690597534,0.14000000059604645,0.10694093257188797,0.5407692193984985,1.0292973518371582,-51.342185974121094
seg_0003,E:\Project\Python\dataProcess\Script\data\math\llm_reseg_fuzzy\audio\seg_0003.wav,36.1330451965332,0.17923147976398468,31.811599731445312,35.379241943359375,38.500823974609375,6.6892242431640625,176.183349609375,157.6211700439453,621.068603515625,984.602294921875,0.10857810825109482,0.6759353876113892,0.04270334541797638,0.09346570074558258,0.1619981825351715,0.11929483711719513,1.857300877571106,1.3995802402496338,1.4176594018936157,1.1115580797195435,0.014230894856154919,1.342213749885559,-3.1328611373901367,-3.731844186782837,18.18696403503418,0.5457457304000854,6.534805774688721,1.6592276096343994,-20.507373809814453,-0.7024003267288208,0.017313852906227112,1.1958160400390625,1.1100269556045532,0.5704395771026611,4.522981643676758,1.0128705501556396,6.057595729827881,1.4014290571212769,17.343379974365234,0.6367297768592834,661.1427001953125,0.4122549891471863,1309.24609375,0.20665118098258972,-147.2250213623047,-0.5518388152122498,1805.0712890625,0.1688135713338852,836.5105590820312,0.33895716071128845,-136.89053344726562,-0.5974919199943542,2777.3798828125,0.09332007169723511,865.1991577148438,0.3899959921836853,-134.95762634277344,-0.6193519830703735,-6.065319061279297,-1.7995325326919556,10.89493465423584,1.0816576480865479,0.10613534599542618,0.131822407245636,-0.009655059315264225,-1.7937915325164795,0.02216343954205513,0.9183250069618225,0.3396933376789093,37.35239028930664,20.0985164642334,0.5895998477935791,1.0999951362609863,10.636207580566406,-26.018402099609375,-0.6222126483917236,0.2455679327249527,4.557034969329834,0.0951419323682785,0.006079330574721098,0.00990331545472145,3.3582091331481934,3.396226644515991,0.09222222119569778,0.06900528073310852,0.17999999225139618,0.22516660392284393,-48.40629577636719
seg_0004,E:\Project\Python\dataProcess\Script\data\math\llm_reseg_fuzzy\audio\seg_0004.wav,37.19183349609375,0.16606149077415466,32.39957046508789,36.35315704345703,40.749176025390625,8.349605560302734,182.6892852783203,216.85549926757812,1033.949462890625,1250.8023681640625,0.1088736355304718,0.733758807182312,0.038853541016578674,0.08257464319467545,0.17220744490623474,0.13335390388965607,2.075924873352051,1.457707405090332,0.9554876685142517,0.5477257966995239,0.015752378851175308,1.2686619758605957,-4.978025436401367,-2.3637216091156006,18.204477310180664,0.4892549216747284,8.602609634399414,1.3151944875717163,-18.48635482788086,-0.6964544057846069,0.022579770535230637,1.46741783618927,1.1190462112426758,0.7136079668998718,5.24613618850708,0.7722724676132202,8.718522071838379,1.0207319259643555,18.477190017700195,0.4584278464317322,688.9247436523438,0.347651869058609,1368.729736328125,0.26387450098991394,-155.2331085205078,-0.5019810199737549,1815.0936279296875,0.17107103765010834,916.5196533203125,0.38986149430274963,-148.16294860839844,-0.5248296856880188,2775.4541015625,0.08024352788925171,871.5455932617188,0.36906829476356506,-146.1819610595703,-0.5459548234939575,-7.971925735473633,-1.1691678762435913,13.130311965942383,0.7812733054161072,0.10082580149173737,0.16453340649604797,-0.006471247877925634,-2.3791067600250244,0.023999445140361786,0.8157875537872314,1.1895416975021362,8.307302474975586,21.67171287536621,0.4417007863521576,3.341805934906006,4.310103893280029,-25.4569149017334,-0.6557868719100952,2.317493200302124,2.4890201091766357,0.09656362980604172,0.010786822997033596,0.012219969183206558,3.010033369064331,2.5337836742401123,0.10599999874830246,0.07209253311157227,0.25,0.31874752044677734,-47.84223556518555
seg_0005,E:\Project\Python\dataProcess\Script\data\math\llm_reseg_fuzzy\audio\seg_0005.wav,39.252349853515625,0.22293563187122345,33.15869903564453,37.88116455078125,42.81034469604492,9.65164566040039,649.7423706054688,819.0549926757812,104.67940521240234,76.73374938964844,0.14970222115516663,0.6538881063461304,0.052451979368925095,0.13901209831237793,0.21260932087898254,0.16015733778476715,2.250108242034912,1.3108693361282349,1.6596307754516602,1.148784875869751,0.0254315584897995,1.2464032173156738,-6.341732025146484,-2.1584084033966064,14.910588264465332,0.719753623008728,7.82433557510376,1.7814892530441284,-20.179950714111328,-0.6279577016830444,0.03980240970849991,1.2633624076843262,1.3645042181015015,0.6673064827919006,3.094805955886841,1.472898244857788,6.8259453773498535,1.6115550994873047,11.114795684814453,1.464165210723877,766.5472412109375,0.3877358138561249,1172.6912841796875,0.3303702473640442,-149.4305419921875,-0.5326604843139648,1829.7071533203125,0.1593339741230011,938.1026000976562,0.38219374418258667,-131.7240753173828,-0.6427567005157471,2783.232177734375,0.08580669015645981,916.3226928710938,0.3248128592967987,-129.9226837158203,-0.6673637628555298,-2.3711564540863037,-5.440197467803955,8.249741554260254,1.7630029916763306,0.10474615544080734,0.17052511870861053,-0.003087130142375827,-4.878239154815674,0.03735916689038277,0.9902494549751282,-3.228656768798828,-4.559679985046387,12.395463943481445,0.9747825264930725,3.7406153678894043,4.005413055419922,-23.876224517822266,-0.5815869569778442,2.214904308319092,2.3179705142974854,0.10094809532165527,0.005299259442836046,0.01860935054719448,3.8352272510528564,3.5765380859375,0.09359999746084213,0.07199333608150482,0.17166665196418762,0.17264285683631897,-45.004024505615234
seg_0006,E:\Project\Python\dataProcess\Script\data\math\llm_reseg_fuzzy\audio\seg_0006.wav,36.87102127075195,0.20442266762256622,29.699832916259766,37.08683395385742,41.510128021240234,11.810295104980469,367.34576416015625,453.875244140625,99.6429672241211,103.67799377441406,0.12317878007888794,0.7717530131340027,0.03958824276924133,0.08937565982341766,0.19828370213508606,0.15869545936584473,2.1909339427948,1.3427565097808838,1.4562069177627563,0.8907365798950195,0.018123481422662735,1.2174880504608154,-4.677962779998779,-2.4597625732421875,13.284483909606934,0.7537542581558228,7.698225498199463,1.6521810293197632,-16.879268646240234,-0.6917797923088074,0.026495937258005142,1.6861624717712402,1.20509672164917,0.5652592182159424,4.046061038970947,1.1954402923583984,10.950778007507324,0.8718786239624023,16.630430221557617,0.7016774415969849,762.9374389648438,0.3297117352485657,1312.1256103515625,0.3020302951335907,-165.02296447753906,-0.43230172991752625,1818.88623046875,0.1512603610754013,934.1702880859375,0.41684508323669434,-157.0214080810547,-0.4773351550102234,2803.618408203125,0.09119854122400284,902.76318359375,0.374053955078125,-156.17747497558594,-0.48568788170814514,-4.709956169128418,-2.4802141189575195,10.300172805786133,1.2488943338394165,0.09655875712633133,0.20548027753829956,-0.0011817794293165207,-10.290887832641602,0.03619915246963501,0.7750766277313232,-0.7038693428039551,-20.726713180541992,14.526261329650879,0.8941794633865356,1.5741852521896362,9.672590255737305,-23.50225257873535,-0.45636433362960815,1.4286116361618042,3.5511600971221924,0.09698013961315155,0.01103170495480299,0.012367038056254387,3.432281970977783,2.1455225944519043,0.10130434483289719,0.07290877401828766,0.35999998450279236,0.39118701219558716,-46.82232666015625
seg_0007,E:\Project\Python\dataProcess\Script\data\math\llm_reseg_fuzzy\audio\seg_0007.wav,36.0780029296875,0.19081290066242218,29.17349624633789,36.050209045410156,41.79376983642578,12.62027359008789,458.5126953125,953.0667114257812,131.32833862304688,68.63948059082031,0.08866668492555618,0.93520188331604,0.03888890519738197,0.049883414059877396,0.13085854053497314,0.09196963906288147,2.284411668777466,1.7861316204071045,1.4631446599960327,1.2828733921051025,0.010884660296142101,1.68215811252594,-4.4095377922058105,-1.8642324209213257,10.982765197753906,0.8467292785644531,10.943031311035156,1.0065631866455078,-15.107826232910156,-0.7063085436820984,0.03486386686563492,1.5954406261444092,1.2141456604003906,0.8209201693534851,4.439803600311279,0.9954553246498108,6.885387897491455,1.2499116659164429,14.884232521057129,0.6938020586967468,771.5972900390625,0.34799546003341675,1259.12890625,0.21397455036640167,-179.06346130371094,-0.335050106048584,1875.9434814453125,0.15190596878528595,880.7299194335938,0.2890721261501312,-174.7306365966797,-0.357448548078537,2832.63671875,0.08169855177402496,821.9617919921875,0.3346846401691437,-174.2256317138672,-0.36546576023101807,-6.3036346435546875,-1.7116856575012207,12.047538757324219,0.926030158996582,0.10313007980585098,0.1870085448026657,-0.006674726027995348,-2.5729968547821045,0.034173931926488876,0.7642091512680054,1.5981444120407104,7.105949401855469,13.582646369934082,1.0425951480865479,2.430912733078003,5.904679298400879,-26.534778594970703,-0.5175703167915344,1.887497067451477,3.006195306777954,0.09394264221191406,0.012304202653467655,0.006924040615558624,1.5933716297149658,1.0869566202163696,0.11941175907850266,0.06457740813493729,0.7805882096290588,1.662512183189392,-48.74752426147461
seg_0008,E:\Project\Python\dataProcess\Script\data\math\llm_reseg_fuzzy\audio\seg_0008.wav,39.00400924682617,0.18638718128204346,32.26302719116211,39.718170166015625,42.1185417175293,9.855514526367188,105.7627182006836,92.75459289550781,542.9864501953125,602.95556640625,0.17520806193351746,0.5569209456443787,0.07365471869707108,0.15564176440238953,0.26609787344932556,0.19244316220283508,2.533902406692505,1.4498240947723389,1.8430176973342896,0.7061319351196289,0.030097395181655884,0.7913570404052734,-5.17368221282959,-2.858398914337158,13.821978569030762,0.7906858921051025,3.5838136672973633,4.080464839935303,-25.54362678527832,-0.7145358324050903,0.05030272901058197,1.7172449827194214,1.047276496887207,0.7098656296730042,4.504840850830078,1.1352659463882446,8.616354942321777,0.9771185517311096,16.733144760131836,0.5161758661270142,748.4044189453125,0.405978798866272,1230.875732421875,0.21722814440727234,-137.50148010253906,-0.6280665993690491,1844.5115966796875,0.15790632367134094,947.0368041992188,0.36689484119415283,-124.6151351928711,-0.6738224029541016,2812.056640625,0.07888384908437729,775.2484130859375,0.4330536127090454,-123.35940551757812,-0.6910257339477539,-4.467942237854004,-2.7014048099517822,10.467597961425781,1.2051537036895752,0.1034122109413147,0.21088287234306335,-0.00715513713657856,-2.7158472537994385,0.037123315036296844,0.5865779519081116,0.8431780934333801,15.867044448852539,12.10084342956543,1.1030762195587158,-3.4377737045288086,-4.3880696296691895,-33.557281494140625,-0.5795465111732483,2.6363120079040527,2.2187132835388184,0.10192450881004333,0.005650069564580917,0.02626887522637844,5.08474588394165,3.896104097366333,0.09666667133569717,0.08419553935527802,0.125,0.08345656841993332,-44.02327346801758
seg_0009,E:\Project\Python\dataProcess\Script\data\math\llm_reseg_fuzzy\audio\seg_0009.wav,38.93617248535156,0.22401826083660126,31.368860244750977,38.690921783447266,43.0359992980957,11.667139053344727,562.6944580078125,755.5051879882812,212.92868041992188,182.65350341796875,0.12835948169231415,0.7544523477554321,0.04440554976463318,0.09247696399688721,0.20773112773895264,0.16332557797431946,2.411919116973877,1.442592740058899,1.503623366355896,1.0909836292266846,0.021563731133937836,1.3066924810409546,-4.600725173950195,-2.633768081665039,16.40071678161621,0.6811841130256653,7.983536243438721,1.680061936378479,-20.467174530029297,-0.6999412775039673,0.04980810359120369,1.8021258115768433,1.3215439319610596,0.715404748916626,3.277782917022705,1.553059697151184,11.520837783813477,0.9944394826889038,16.079458236694336,0.9687085747718811,751.9856567382812,0.3608081042766571,1256.346435546875,0.24516604840755463,-161.19473266601562,-0.4474334716796875,1828.6605224609375,0.14312085509300232,933.7197265625,0.4393131136894226,-151.2830810546875,-0.49632012844085693,2788.727783203125,0.08055722713470459,845.291259765625,0.3421301245689392,-149.10838317871094,-0.5188494920730591,-4.163802146911621,-2.871000051498413,8.696372032165527,1.5151410102844238,0.10068776458501816,0.16749083995819092,-0.004276139196008444,-3.7602996826171875,0.03409779071807861,0.8492277264595032,-2.155648708343506,-6.580005645751953,18.650428771972656,0.7065255045890808,4.0365519523620605,4.243924140930176,-25.718435287475586,-0.6042267680168152,0.6252466440200806,3.9609053134918213,0.09923709183931351,0.006180768832564354,0.01682005636394024,3.620689868927002,3.1168830394744873,0.07972221821546555,0.07558976113796234,0.2396969497203827,0.21664780378341675,-45.01105880737305
seg_0010,E:\Project\Python\dataProcess\Script\data\math\llm_reseg_fuzzy\audio\seg_0010.wav,37.011653900146484,0.1657603681087494,30.227346420288086,38.964019775390625,42.50299072265625,12.275644302368164,394.69207763671875,461.6915283203125,106.32553100585938,61.1587028503418,0.09962838143110275,0.84291011095047,0.03768716752529144,0.05703245475888252,0.16474176943302155,0.1270546019077301,1.9970412254333496,1.5529296398162842,1.204408049583435,0.7377946376800537,0.013321543112397194,1.2830054759979248,-3.925642967224121,-2.55139422416687,14.806265830993652,0.7063866853713989,9.272053718566895,1.2518744468688965,-16.078630447387695,-0.6835891604423523,0.034024614840745926,1.6868970394134521,1.0857813358306885,0.615382730960846,5.487168788909912,0.8202869296073914,11.138182640075684,0.9688999056816101,18.152130126953125,0.5632173418998718,801.5209350585938,0.3451523184776306,1248.56103515625,0.24824512004852295,-170.78045654296875,-0.381357342004776,1906.6033935546875,0.14865966141223907,920.2284545898438,0.4115326404571533,-166.08868408203125,-0.40359780192375183,2848.01025390625,0.0841626524925232,819.49072265625,0.34840768575668335,-165.40914916992188,-0.4135953187942505,-9.235057830810547,-1.0402185916900635,13.892913818359375,0.7278528213500977,0.09917702525854111,0.2100229114294052,-0.009713348001241684,-1.6027642488479614,0.03031977452337742,0.620238721370697,2.782336473464966,3.7152302265167236,20.39011573791504,0.6742737889289856,3.9700424671173096,3.463707208633423,-26.740177154541016,-0.4872801601886749,0.9767789244651794,3.8409087657928467,0.09450281411409378,0.01075329352170229,0.0091998977586627,2.127659559249878,1.848249077796936,0.09526315331459045,0.05275248736143112,0.448888897895813,0.8460882902145386,-46.55583190917969
seg_0011,E:\Project\Python\dataProcess\Script\data\math\llm_reseg_fuzzy\audio\seg_0011.wav,37.26164627075195,0.17169396579265594,31.28375816345215,38.20044708251953,40.60696029663086,9.323202133178711,299.7402648925781,261.8290710449219,87.27364349365234,52.23220443725586,0.13261066377162933,0.7595935463905334,0.03866604343056679,0.10473980009555817,0.21644499897956848,0.177778959274292,2.4307668209075928,1.0704478025436401,1.340788722038269,0.881664514541626,0.022846808657050133,1.1592297554016113,-4.796685218811035,-2.6120967864990234,15.553979873657227,0.48565229773521423,6.180571556091309,1.7566158771514893,-19.607826232910156,-0.5893306732177734,0.027787132188677788,0.6971955299377441,1.2700942754745483,0.4783422350883484,3.3901562690734863,1.2439384460449219,7.994678497314453,1.2253663539886475,17.001060485839844,0.6535053849220276,749.4132080078125,0.3295228183269501,1267.4366455078125,0.23322324454784393,-154.18670654296875,-0.4966858923435211,1835.6865234375,0.15564250946044922,914.9581909179688,0.30254051089286804,-144.16751098632812,-0.5472142696380615,2788.29345703125,0.0854029431939125,907.9840087890625,0.45163846015930176,-143.61045837402344,-0.5540725588798523,-5.033385276794434,-2.201779842376709,9.649370193481445,1.2359312772750854,0.10456592589616776,0.13609881699085236,-0.004867547191679478,-3.157916307449341,0.039264239370822906,0.6829749941825867,-0.8992720246315002,-15.29432201385498,15.601192474365234,0.5608521699905396,-0.1760839968919754,-60.29696273803711,-27.319875717163086,-0.47739967703819275,1.366894006729126,3.5652544498443604,0.09678642451763153,0.009629257954657078,0.0158691443502903,4.0201005935668945,3.0534353256225586,0.0925000011920929,0.045483510941267014,0.19769228994846344,0.2747349441051483,-45.52695846557617
seg_0012,E:\Project\Python\dataProcess\Script\data\math\llm_reseg_fuzzy\audio\seg_0012.wav,36.85011672973633,0.09897797554731369,32.370914459228516,38.44744873046875,39.88829040527344,7.517375946044922,40.348934173583984,16.0982666015625,48.86854934692383,24.42206382751465,0.08872371166944504,0.9131455421447754,0.036732278764247894,0.04047328606247902,0.1640513390302658,0.1273190677165985,1.6015115976333618,1.0713684558868408,0.8695599436759949,0.893863320350647,0.009688231162726879,1.3067413568496704,-4.660645961761475,-1.9351638555526733,12.465795516967773,0.6567620038986206,9.685127258300781,1.1560765504837036,-14.543745040893555,-0.7542368769645691,0.023082397878170013,1.5483556985855103,1.165036678314209,0.5547406077384949,3.428853988647461,1.1161837577819824,6.470655918121338,1.5267146825790405,16.349449157714844,0.5191798806190491,580.89892578125,0.43195751309394836,1337.663818359375,0.19203037023544312,-181.22247314453125,-0.3062994182109833,1665.9437255859375,0.1744978129863739,932.8367919921875,0.24850010871887207,-169.2674102783203,-0.3945372402667999,2630.4501953125,0.08540001511573792,941.090576171875,0.20418857038021088,-169.36244201660156,-0.39283546805381775,-3.990452527999878,-2.0518319606781006,9.783562660217285,0.9785930514335632,0.10033883899450302,0.13600867986679077,-0.003572354791685939,-3.5824127197265625,0.02947409637272358,0.404980331659317,-1.513551115989685,-7.843932151794434,11.224461555480957,1.252514362335205,-1.046676754951477,-11.159372329711914,-22.07585334777832,-0.8032082319259644,1.2115000486373901,4.013904094696045,0.09182264655828476,0.012760985642671585,0.0051669590175151825,1.704545497894287,1.7291066646575928,0.08833333104848862,0.05814254283905029,0.4699999988079071,0.7711678743362427,-49.61237335205078
seg_0013,E:\Project\Python\dataProcess\Script\data\math\llm_reseg_fuzzy\audio\seg_0013.wav,41.5737419128418,0.1168811097741127,39.65028762817383,41.17069625854492,42.470462799072266,2.8201751708984375,226.14295959472656,275.0030822753906,219.59390258789062,176.20162963867188,0.2154954969882965,0.41568782925605774,0.12693332135677338,0.21827566623687744,0.3113230764865875,0.18438975512981415,2.2022526264190674,0.9615918397903442,1.0937097072601318,0.9131436944007874,0.03460538014769554,0.8074908256530762,-12.450397491455078,-1.2919132709503174,14.257484436035156,0.7716944813728333,-0.02630346082150936,-466.675537109375,-16.116426467895508,-0.6067808866500854,0.02937890961766243,1.1283297538757324,1.2288521528244019,0.6660693883895874,4.691314697265625,0.898144543170929,13.672642707824707,0.4241639971733093,12.92473030090332,0.7002307772636414,772.1971435546875,0.3057383596897125,1287.1444091796875,0.18447919189929962,-124.37715911865234,-0.6905373930931091,1811.3939208984375,0.119460828602314,1001.7667846679688,0.27114731073379517,-99.85700988769531,-0.8568229079246521,2761.47802734375,0.06570160388946533,1071.1468505859375,0.323273628950119,-98.55030059814453,-0.8681689500808716,-1.0042929649353027,-11.209078788757324,5.805367469787598,2.3516147136688232,0.0894748792052269,0.22655020654201508,0.0006758719100616872,12.630729675292969,0.0390232652425766,0.604957640171051,-7.180596828460693,-1.6929172277450562,9.796601295471191,1.1438450813293457,-4.582785129547119,-2.1298248767852783,-17.236358642578125,-0.5736584663391113,11.600451469421387,-8.526880264282227,0.09141846001148224,0.010197828523814678,0.0319305881857872,4.464285850524902,3.773585081100464,0.13750000298023224,0.08898735791444778,0.10749999433755875,0.1013348400592804,-42.134422302246094
seg_0014,E:\Project\Python\dataProcess\Script\data\math\llm_reseg_fuzzy\audio\seg_0014.wav,35.204139709472656,0.15957142412662506,29.507925033569336,35.949951171875,41.20143127441406,11.693506240844727,160.33250427246094,140.4550323486328,18.79084014892578,21.184799194335938,0.0757158026099205,1.1785982847213745,0.03386873006820679,0.03875904902815819,0.095161572098732,0.06129284203052521,1.5785682201385498,1.3035147190093994,0.7284032106399536,0.5930930972099304,0.008098041638731956,1.7204883098602295,-1.6089726686477661,-5.30466890335083,11.69467544555664,0.7062307596206665,7.25292444229126,1.8410207033157349,-10.642325401306152,-1.068657636642456,0.017407793551683426,1.3507459163665771,0.9288896918296814,0.8110383749008179,6.265224933624268,0.6417697668075562,5.919918537139893,1.8755080699920654,20.471960067749023,0.44030192494392395,705.682861328125,0.2882685959339142,1340.152587890625,0.12348135560750961,-177.57485961914062,-0.3464492857456207,1788.2174072265625,0.13549643754959106,1014.8672485351562,0.4322182536125183,-174.0906982421875,-0.3648185133934021,2731.614501953125,0.07747609913349152,979.8082275390625,0.46772703528404236,-174.15184020996094,-0.36373502016067505,-10.913745880126953,-0.7487021684646606,17.751840591430664,0.503775417804718,0.0892433449625969,0.14511018991470337,-0.004329657182097435,-2.482318878173828,0.021046167239546776,0.798742413520813,4.573674201965332,2.511887311935425,14.170839309692383,0.650757908821106,-2.5373682975769043,-8.329402923583984,-15.194604873657227,-0.8616935610771179,-1.0089024305343628,6.087719917297363,0.09952791780233383,0.023496586829423904,0.00731056509539485,1.1848341226577759,0.9615384936332703,0.14000000059604645,0.07778174430131912,0.8799999952316284,0.5750651955604553,-48.6302375793457
seg_0015,E:\Project\Python\dataProcess\Script\data\math\llm_reseg_fuzzy\audio\seg_0015.wav,36.891536712646484,0.20067821443080902,31.017776489257812,35.79645919799805,42.25791931152344,11.240142822265625,505.83367919921875,487.1833190917969,140.10305786132812,138.78897094726562,0.1455397605895996,0.6739870309829712,0.050154611468315125,0.1285671442747116,0.234196737408638,0.18404212594032288,2.475278615951538,1.1978334188461304,1.6873557567596436,1.0926967859268188,0.022927530109882355,1.0531481504440308,-2.5347375869750977,-4.586520195007324,13.630297660827637,0.8313274383544922,6.05839204788208,2.0673251152038574,-21.272159576416016,-0.6375433802604675,0.030112555250525475,1.6592788696289062,1.151721715927124,0.6232710480690002,4.760143280029297,1.0601378679275513,7.258763790130615,1.4678993225097656,14.994196891784668,0.6501126885414124,742.0940551757812,0.34452542662620544,1282.163330078125,0.2417905479669571,-134.15415954589844,-0.6543277502059937,1826.9989013671875,0.16286924481391907,907.9502563476562,0.39022722840309143,-126.34940338134766,-0.6825854182243347,2785.719970703125,0.08739855885505676,888.1823120117188,0.3442023694515228,-125.14606475830078,-0.6956442594528198,-6.019433498382568,-1.7555656433105469,11.530003547668457,1.0259106159210205,0.10386118292808533,0.19716712832450867,-0.006194650195538998,-2.6543469429016113,0.032211970537900925,0.6353615522384644,0.7601826786994934,15.293002128601074,15.077621459960938,0.9683115482330322,1.7826505899429321,7.557368755340576,-27.68155860900879,-0.5417835712432861,0.10589542984962463,5.151129722595215,0.10242506116628647,0.007454007863998413,0.01587871089577675,4.084506988525391,3.267045497894287,0.11347825825214386,0.06390269100666046,0.18809524178504944,0.18507705628871918,-45.00379180908203
seg_0016,E:\Project\Python\dataProcess\Script\data\math\llm_reseg_fuzzy\audio\seg_0016.wav,39.08069610595703,0.2416468858718872,31.261032104492188,37.74364471435547,43.23832702636719,11.977294921875,760.9288940429688,986.4716186523438,244.2811279296875,429.769775390625,0.09287858009338379,0.8506922721862793,0.041798848658800125,0.06518009305000305,0.11554217338562012,0.07374332845211029,2.354792594909668,1.7829357385635376,1.1460987329483032,0.9836157560348511,0.012152583338320255,1.683860421180725,-10.092698097229004,-0.8949832916259766,13.639921188354492,0.6282820701599121,10.406745910644531,0.8140846490859985,-10.331048011779785,-1.0566068887710571,0.029242834076285362,1.2782354354858398,1.543471097946167,0.516910195350647,2.2744266986846924,2.172218084335327,9.193916320800781,1.4666857719421387,10.078566551208496,1.2608816623687744,736.7685546875,0.4338234066963196,1131.908203125,0.19239051640033722,-188.85841369628906,-0.23442314565181732,1867.552490234375,0.15784597396850586,840.0741577148438,0.48934927582740784,-182.96133422851562,-0.28193071484565735,2782.0986328125,0.08926060795783997,887.0462646484375,0.3910447359085083,-182.2312774658203,-0.29406166076660156,-2.4618935585021973,-4.201359748840332,6.854536056518555,1.6481949090957642,0.10575845837593079,0.16293801367282867,-0.006561086978763342,-2.5853965282440186,0.04564250260591507,0.7625104784965515,-3.1093900203704834,-3.990466594696045,13.55793285369873,0.98383629322052,7.272135257720947,1.8978945016860962,-25.289718627929688,-0.6034574508666992,4.766695022583008,-0.19216686487197876,0.09222839772701263,0.01722751185297966,0.00858402345329523,2.762730360031128,1.1950026750564575,0.07181818038225174,0.0627140924334526,0.7440908551216125,2.3368213176727295,-49.051116943359375
seg_0017,E:\Project\Python\dataProcess\Script\data\math\llm_reseg_fuzzy\audio\seg_0017.wav,36.94352722167969,0.16874222457408905,31.406291961669922,36.67152786254883,41.473636627197266,10.067344665527344,292.0140380859375,185.69970703125,60.081546783447266,200.0777587890625,0.10085242241621017,0.927974283695221,0.03767166659235954,0.04725988954305649,0.16227972507476807,0.12460805475711823,2.431227207183838,1.4935916662216187,1.911071538925171,1.1260415315628052,0.014623280614614487,1.5291075706481934,-4.658050537109375,-1.8991481065750122,14.146267890930176,0.5760517716407776,10.547453880310059,0.9145247936248779,-14.444478988647461,-0.7825671434402466,0.038112953305244446,1.1919957399368286,1.2478621006011963,0.5595976114273071,3.7383840084075928,1.1076889038085938,9.226008415222168,1.0562527179718018,16.870685577392578,0.5784134268760681,742.4345092773438,0.3552137613296509,1220.36279296875,0.22974693775177002,-175.3885955810547,-0.35260918736457825,1835.5074462890625,0.1547364592552185,879.3223266601562,0.2863021790981293,-169.09141540527344,-0.3924393057823181,2778.47216796875,0.09642323106527328,850.3583374023438,0.38230106234550476,-168.43812561035156,-0.4003808796405792,-6.057933330535889,-1.571752667427063,10.748114585876465,0.9951488971710205,0.10446278005838394,0.16160660982131958,-0.006160273216664791,-2.057783365249634,0.03865480795502663,0.723759114742279,1.3111929893493652,8.797395706176758,14.543254852294922,0.6737251281738281,3.1105282306671143,3.637472629547119,-24.97031021118164,-0.6174911260604858,0.7023425698280334,4.498855113983154,0.09517715871334076,0.010689955204725266,0.009580795653164387,2.537313461303711,1.5730338096618652,0.09904762357473373,0.06809690594673157,0.49090906977653503,0.9626426696777344,-47.06130599975586
seg_0018,E:\Project\Python\dataProcess\Script\data\math\llm_reseg_fuzzy\audio\seg_0018.wav,36.70758056640625,0.1773242950439453,31.074193954467773,35.741127014160156,41.30376434326172,10.229570388793945,141.98268127441406,87.17144012451172,180.94183349609375,139.74842834472656,0.11243018507957458,0.7982468008995056,0.03876178339123726,0.08419015258550644,0.1742306649684906,0.13546888530254364,1.8913999795913696,0.9361010193824768,1.3399275541305542,0.9780873656272888,0.016032880172133446,1.2941540479660034,-5.127614498138428,-2.175839900970459,12.856043815612793,0.8285549879074097,5.962787628173828,1.913794994354248,-15.70620059967041,-0.787823498249054,0.038736771792173386,1.015783429145813,1.2404359579086304,0.757823646068573,3.8697967529296875,0.9295822978019714,8.053349494934082,1.2409327030181885,15.648336410522461,0.7975195050239563,789.0078735351562,0.36294883489608765,1248.99267578125,0.2409379482269287,-171.5243377685547,-0.37386637926101685,1846.930908203125,0.15873472392559052,967.2637939453125,0.31037285923957825,-164.77980041503906,-0.41382840275764465,2796.29052734375,0.08903781324625015,999.6512451171875,0.4254402220249176,-164.2879180908203,-0.41998493671417236,-5.704761505126953,-1.506709098815918,11.3585786819458,0.821811318397522,0.1016305536031723,0.13517555594444275,-0.005357121583074331,-2.4478514194488525,0.026079881936311722,0.5733637809753418,1.1573725938796997,9.090738296508789,12.186371803283691,0.9914329051971436,1.7670464515686035,7.579886436462402,-20.07040786743164,-0.6769306659698486,1.4306296110153198,3.7642481327056885,0.09527052193880081,0.009002785198390484,0.013759122230112553,3.095238208770752,2.634730815887451,0.06363636255264282,0.05423395335674286,0.28260868787765503,0.4718807637691498,-46.79857635498047
seg_0019,E:\Project\Python\dataProcess\Script\data\math\llm_reseg_fuzzy\audio\seg_0019.wav,35.44291687011719,0.1254340261220932,32.36216354370117,35.910797119140625,38.025115966796875,5.662952423095703,245.20632934570312,240.7855987548828,156.24453735351562,170.39976501464844,0.11027836054563522,0.7025132775306702,0.039162468165159225,0.0824924111366272,0.1816679835319519,0.14250551164150238,2.1722893714904785,1.1281706094741821,1.4334771633148193,1.1651370525360107,0.015532302670180798,1.1036771535873413,-1.6598998308181763,-5.576653003692627,14.805009841918945,0.6528180837631226,7.541730880737305,1.5627095699310303,-17.46927261352539,-0.7231606245040894,0.03146079555153847,1.2172425985336304,1.1216129064559937,0.6964314579963684,4.614435195922852,0.8247237801551819,8.682305335998535,0.8726058006286621,19.11528968811035,0.5082927346229553,673.3465576171875,0.3899811804294586,1263.5858154296875,0.21776136755943298,-150.8438720703125,-0.5333569049835205,1804.7696533203125,0.16222763061523438,842.9781494140625,0.3059004247188568,-140.19544982910156,-0.5860750079154968,2762.629638671875,0.09432828426361084,846.2164306640625,0.32128170132637024,-139.4217071533203,-0.5966894030570984,-7.63901948928833,-1.165945291519165,13.216975212097168,0.7475007772445679,0.11067044734954834,0.12921765446662903,-0.00973625760525465,-1.688004493713379,0.028202606365084648,0.6141806244850159,2.6151084899902344,3.8350014686584473,17.05863380432129,0.6863820552825928,2.179474353790283,6.296552658081055,-24.400367736816406,-0.6293437480926514,-0.9310975670814514,6.182778835296631,0.09875061362981796,0.0071178823709487915,0.009461951442062855,3.7581698894500732,2.6359145641326904,0.11499999463558197,0.07237057387828827,0.24312499165534973,0.22415727376937866,-48.50246047973633
seg_0020,E:\Project\Python\dataProcess\Script\data\math\llm_reseg_fuzzy\audio\seg_0020.wav,36.69105911254883,0.18501970171928406,30.382492065429688,37.139347076416016,41.456787109375,11.074295043945312,418.5262145996094,286.01983642578125,74.35271453857422,64.1217041015625,0.09023947268724442,0.7287479043006897,0.03814452141523361,0.06136801093816757,0.13949230313301086,0.10134778171777725,1.8398152589797974,1.417309284210205,1.4962363243103027,1.1976674795150757,0.011395405046641827,1.2041255235671997,-2.624288558959961,-3.4434359073638916,12.977477073669434,0.6314378380775452,8.863150596618652,1.427975058555603,-15.355936050415039,-0.7197883725166321,0.024721145629882812,1.534300684928894,1.2524147033691406,0.6939581632614136,4.898490905761719,0.8703052401542664,5.924972057342529,2.7632226943969727,15.784238815307617,0.9480079412460327,689.2239990234375,0.4259497821331024,1318.018798828125,0.23045678436756134,-168.6961669921875,-0.40033239126205444,1727.4468994140625,0.17580148577690125,993.6895141601562,0.30983442068099976,-159.4180450439453,-0.4565965235233307,2704.920166015625,0.09491163492202759,952.7018432617188,0.3753763735294342,-159.26986694335938,-0.45435070991516113,-6.38521146774292,-1.5220158100128174,12.376035690307617,0.8967458009719849,0.09846492111682892,0.1715436577796936,-0.0002445981081109494,-62.97057342529297,0.02222682535648346,0.6726201176643372,1.949816107749939,5.391103744506836,13.047026634216309,0.9205658435821533,-0.7310183644294739,-21.040422439575195,-19.246265411376953,-0.6533394455909729,0.21941404044628143,4.7433977127075195,0.09649704396724701,0.011066402308642864,0.008219748735427856,3.4946236610412598,2.300405979156494,0.08588235080242157,0.05191155895590782,0.30888888239860535,0.34157946705818176,-51.59864807128906
seg_0021,E:\Project\Python\dataProcess\Script\data\math\llm_reseg_fuzzy\audio\seg_0021.wav,36.9847412109375,0.12780643999576569,34.31244659423828,36.45600891113281,38.50812530517578,4.1956787109375,187.9591827392578,130.81483459472656,75.4803237915039,107.22579193115234,0.1518089771270752,0.6200376152992249,0.058356624096632004,0.14250168204307556,0.22176435589790344,0.16340772807598114,1.812961459159851,0.9187736511230469,0.793828547000885,0.6231653094291687,0.02201063558459282,1.1760601997375488,-4.439352035522461,-3.0014569759368896,14.157811164855957,0.7459944486618042,-0.055729933083057404,-228.1352996826172,-18.773229598999023,-0.6060294508934021,0.020049892365932465,1.4271085262298584,0.9467078447341919,0.5154923796653748,4.482293605804443,0.8509238362312317,5.696913242340088,1.8165737390518188,16.285646438598633,0.5214563012123108,659.45751953125,0.39776986837387085,1315.8837890625,0.21961116790771484,-130.80796813964844,-0.681840717792511,1735.2125244140625,0.1700003743171692,914.7042846679688,0.29856812953948975,-115.03805541992188,-0.7654209733009338,2719.962158203125,0.09194094687700272,879.7776489257812,0.2807149887084961,-114.71138763427734,-0.7691905498504639,-7.251776218414307,-1.3367842435836792,13.760873794555664,0.7687082290649414,0.10803031921386719,0.15794406831264496,-0.005359152797609568,-2.632539987564087,0.02790919318795204,0.8782386183738708,0.846519410610199,13.879067420959473,13.646098136901855,0.866799533367157,-2.636759042739868,-5.784551620483398,-20.519880294799805,-0.5825897455215454,2.688727378845215,1.7260059118270874,0.09931617975234985,0.007913821376860142,0.01708473451435566,3.3519554138183594,3.125,0.13727273046970367,0.13389892876148224,0.16090910136699677,0.129084512591362,-45.49357604980469
seg_0022,E:\Project\Python\dataProcess\Script\data\math\llm_reseg_fuzzy\audio\seg_0022.wav,39.60980224609375,0.21114657819271088,32.08268737792969,40.237388610839844,42.51258087158203,10.429893493652344,121.31678009033203,54.405967712402344,99.13493347167969,226.77593994140625,0.10935887694358826,0.8533676862716675,0.039071083068847656,0.058714646846055984,0.1998233050107956,0.16075222194194794,1.7260258197784424,0.9751003980636597,1.2953463792800903,0.6361187696456909,0.014697758480906487,1.6054819822311401,-5.480459690093994,-2.0816385746002197,14.46157169342041,0.6001937985420227,5.919771671295166,2.366166114807129,-11.978747367858887,-0.7156076431274414,0.023456035181879997,0.7616279721260071,1.1419882774353027,0.6410075426101685,3.0566232204437256,1.4293532371520996,7.674360275268555,1.1466703414916992,14.307828903198242,0.8935559988021851,768.561767578125,0.3424956202507019,1269.9986572265625,0.20120497047901154,-175.77838134765625,-0.3538564443588257,1793.457275390625,0.12653179466724396,977.44189453125,0.3543185293674469,-165.23837280273438,-0.42708054184913635,2759.091064453125,0.08435238152742386,873.1568603515625,0.26199477910995483,-164.8961181640625,-0.4285636246204376,-2.955962896347046,-4.28748893737793,9.205963134765625,1.5888370275497437,0.09767179936170578,0.18854792416095734,0.0026467570569366217,4.491142272949219,0.032474253326654434,0.9141631126403809,-4.965261459350586,-3.0743815898895264,12.355568885803223,1.0251959562301636,-7.549569606781006,-2.1450023651123047,-12.259050369262695,-0.7266860604286194,0.3003222644329071,4.872467041015625,0.09654740244150162,0.011093621142208576,0.010737033560872078,1.9817073345184326,1.843317985534668,0.0925000011920929,0.06404750794172287,0.4283333122730255,0.5221723318099976,-45.793785095214844
seg_0023,E:\Project\Python\dataProcess\Script\data\math\llm_reseg_fuzzy\audio\seg_0023.wav,38.28545379638672,0.2564672529697418,31.077392578125,36.0672492980957,43.09766387939453,12.020271301269531,185.402587890625,106.75447845458984,425.0045166015625,506.0270080566406,0.11812081187963486,0.8431016802787781,0.04001979902386665,0.06764591485261917,0.21273794770240784,0.17271815240383148,1.5097789764404297,1.0712952613830566,1.5728306770324707,1.0638481378555298,0.018376488238573074,1.4489067792892456,-5.159010887145996,-2.2904717922210693,12.469286918640137,0.719801127910614,5.585042476654053,2.537612199783325,-13.547752380371094,-0.6141112446784973,0.042494311928749084,1.5086686611175537,1.3369485139846802,0.5688161253929138,1.71826171875,2.6091504096984863,5.268616676330566,2.0815117359161377,14.28185749053955,0.9499720931053162,754.0097045898438,0.38586103916168213,1153.957763671875,0.3100816011428833,-169.8589630126953,-0.4031359851360321,1812.8431396484375,0.19434958696365356,905.2017211914062,0.3558867275714874,-153.322509765625,-0.5088996291160583,2812.90771484375,0.1194261685013771,925.6654052734375,0.38628339767456055,-153.37147521972656,-0.5093393325805664,-1.5356786251068115,-9.353633880615234,8.30091381072998,1.961808204650879,0.102606400847435,0.13347375392913818,0.004457210190594196,2.7163174152374268,0.040007300674915314,0.8747705221176147,-1.9998769760131836,-8.562161445617676,12.981146812438965,1.022283911705017,-3.775437831878662,-3.8544225692749023,-18.306669235229492,-0.49239277839660645,2.2423648834228516,3.029351234436035,0.09586546570062637,0.015306029468774796,0.011282538995146751,2.4621212482452393,2.681992530822754,0.08214285969734192,0.0522601418197155,0.3141666650772095,0.5369893908500671,-46.41315460205078
seg_0024,E:\Project\Python\dataProcess\Script\data\math\llm_reseg_fuzzy\audio\seg_0024.wav,35.69485092163086,0.1632058322429657,29.520872116088867,35.67601013183594,42.221702575683594,12.700830459594727,156.79542541503906,147.61386108398438,100.51947021484375,68.43610382080078,0.12215009331703186,0.6458362340927124,0.04511582851409912,0.11015309393405914,0.1905219554901123,0.14540612697601318,1.8933919668197632,1.009074091911316,1.3929455280303955,0.859073281288147,0.016488660126924515,0.946989119052887,-2.5098824501037598,-4.521276473999023,12.653451919555664,0.8221408128738403,1.9917840957641602,7.003735065460205,-18.382118225097656,-0.6677767038345337,0.027993177995085716,1.5061299800872803,1.0448886156082153,0.6765949130058289,5.311685562133789,0.6456666588783264,5.001238822937012,2.0393073558807373,16.68510627746582,0.5431780219078064,816.6417236328125,0.329925000667572,1257.6788330078125,0.22489573061466217,-150.1649932861328,-0.5509204864501953,1940.1214599609375,0.1535857766866684,963.5101318359375,0.2853736877441406,-144.34902954101562,-0.5660728216171265,2837.503173828125,0.09223006665706635,994.168212890625,0.32538244128227234,-143.65301513671875,-0.5758571624755859,-9.34201431274414,-0.8130121231079102,15.181570053100586,0.5422990918159485,0.10927184671163559,0.1676563173532486,-0.010015249252319336,-1.619411826133728,0.025630565360188484,0.5350802540779114,5.367177963256836,1.5658798217773438,10.123909950256348,1.2979696989059448,-6.299773216247559,-1.9597231149673462,-26.518735885620117,-0.4930020272731781,0.16489192843437195,4.928281307220459,0.10465429723262787,0.007225491106510162,0.012703077867627144,3.9755351543426514,2.3112480640411377,0.11933333426713943,0.07343629002571106,0.25647059082984924,0.21986468136310577,-47.51041793823242
seg_0025,E:\Project\Python\dataProcess\Script\data\math\llm_reseg_fuzzy\audio\seg_0025.wav,36.24132537841797,0.2234419882297516,29.371543884277344,34.423980712890625,42.65915298461914,13.287609100341797,258.2111511230469,262.0162658691406,174.55848693847656,162.69593811035156,0.12848003208637238,0.7151504158973694,0.04526751860976219,0.09785027801990509,0.21215999126434326,0.16689246892929077,2.319690704345703,1.2289358377456665,1.3175745010375977,0.8938866257667542,0.02087210677564144,1.0714366436004639,-3.5247387886047363,-3.512040138244629,14.144756317138672,0.7021930813789368,6.594292163848877,1.8296610116958618,-20.492891311645508,-0.6418358683586121,0.03564684838056564,1.4887135028839111,1.1723135709762573,0.6742503643035889,4.436547756195068,0.7683318853378296,8.430355072021484,1.2672934532165527,15.949481010437012,0.8297392129898071,782.8668823242188,0.32165056467056274,1185.7626953125,0.256039023399353,-154.8873748779297,-0.5151932835578918,1907.355224609375,0.1480952948331833,852.284912109375,0.4566420614719391,-147.66754150390625,-0.5463154315948486,2862.535888671875,0.08763303607702255,848.51806640625,0.38325169682502747,-145.86351013183594,-0.5676292181015015,-5.952075004577637,-1.9422881603240967,11.204919815063477,1.1154649257659912,0.10795992612838745,0.16873890161514282,-0.009310166351497173,-1.9785473346710205,0.0346456803381443,0.6015504002571106,1.900516390800476,7.071951389312744,13.376303672790527,0.881998598575592,1.3232959508895874,10.446993827819824,-28.737747192382812,-0.5221282839775085,1.1811442375183105,3.3462255001068115,0.10182887315750122,0.007314112037420273,0.015111570246517658,3.5976505279541016,2.4336283206939697,0.10727272927761078,0.05889244005084038,0.2836363613605499,0.2936996817588806,-45.95256423950195
seg_0026,E:\Project\Python\dataProcess\Script\data\math\llm_reseg_fuzzy\audio\seg_0026.wav,37.235774993896484,0.21536403894424438,29.30104637145996,38.17649459838867,44.142574310302734,14.841527938842773,332.8710632324219,239.01295471191406,111.7890396118164,35.773033142089844,0.10496776551008224,0.7379986047744751,0.04098161309957504,0.07694538682699203,0.16093580424785614,0.1199541911482811,1.9421836137771606,1.285094976425171,1.5815199613571167,1.4749752283096313,0.015189924277365208,1.1706892251968384,-3.0754170417785645,-3.5088701248168945,15.483846664428711,0.5757108926773071,10.179398536682129,0.9984893798828125,-17.453105926513672,-0.6073363423347473,0.04352756217122078,1.4375903606414795,1.3813008069992065,0.5724930763244629,3.876338005065918,0.9767134785652161,9.92303466796875,0.8937650918960571,14.030438423156738,0.9844121336936951,818.2926025390625,0.28978925943374634,1233.674560546875,0.27098745107650757,-161.54757690429688,-0.4452011287212372,1924.2333984375,0.12023679167032242,881.2532348632812,0.37624624371528625,-154.2994842529297,-0.4813469350337982,2876.355712890625,0.08544398844242096,855.0538330078125,0.3651581108570099,-153.3223876953125,-0.4944237172603607,-7.1758904457092285,-1.545416235923767,12.511381149291992,0.9664424657821655,0.10533034056425095,0.159303218126297,-0.006336412858217955,-2.5627355575561523,0.027525776997208595,0.802558183670044,1.9845200777053833,6.746760368347168,17.158145904541016,0.5924263000488281,8.599396705627441,1.1695280075073242,-20.85624122619629,-0.5292417407035828,0.2819209396839142,4.5894880294799805,0.0978754460811615,0.00914559792727232,0.011163758113980293,3.3434650897979736,3.2159266471862793,0.06857142597436905,0.03783242404460907,0.23200000822544098,0.28969985246658325,-48.27473831176758
seg_0027,E:\Project\Python\dataProcess\Script\data\math\llm_reseg_fuzzy\audio\seg_0027.wav,37.594520568847656,0.18940600752830505,30.364601135253906,39.08778762817383,43.75987243652344,13.395271301269531,698.7498168945312,1056.6790771484375,146.86216735839844,86.95502471923828,0.11098215728998184,0.7350556254386902,0.039182260632514954,0.08162380754947662,0.18513506650924683,0.14595280587673187,1.7957154512405396,0.8566175103187561,1.1848852634429932,0.8195009827613831,0.015177411958575249,1.0628093481063843,-1.1253057718276978,-8.768476486206055,15.075963020324707,0.6452001929283142,6.683670520782471,1.8604813814163208,-15.930060386657715,-0.6997924447059631,0.055010437965393066,1.829662561416626,1.258960485458374,0.7430721521377563,5.570335865020752,0.6572233438491821,10.302023887634277,0.8133130669593811,16.962980270385742,0.5808123350143433,791.4243774414062,0.3131363093852997,1285.0235595703125,0.1757461428642273,-150.2958526611328,-0.5268370509147644,1856.367919921875,0.13896019756793976,944.7272338867188,0.3382478654384613,-144.2251434326172,-0.5487173795700073,2806.870849609375,0.08547796308994293,892.130859375,0.4187544286251068,-143.75491333007812,-0.5522962808609009,-9.509138107299805,-0.9458891749382019,15.607460975646973,0.6652476191520691,0.1007707417011261,0.17262406647205353,-0.004564384464174509,-2.8185718059539795,0.0273274052888155,0.540184736251831,3.319518804550171,3.486522912979126,15.84334659576416,0.7130861878395081,1.2122498750686646,10.711814880371094,-21.0645809173584,-0.6044880151748657,-1.8599004745483398,7.208984375,0.09784658998250961,0.007788235321640968,0.009736651554703712,3.6023054122924805,2.6124818325042725,0.1088888943195343,0.09904482960700989,0.25055554509162903,0.3167100250720978,-46.93181228637695
seg_0028,E:\Project\Python\dataProcess\Script\data\math\llm_reseg_fuzzy\audio\seg_0028.wav,31.88640022277832,0.1512005478143692,27.435834884643555,30.688095092773438,38.56703186035156,11.131196975708008,333.0617980957031,0.0,1.796889305114746,14.310118675231934,0.10405588150024414,0.9307002425193787,0.039049603044986725,0.048102300614118576,0.163779616355896,0.12473001331090927,1.4082034826278687,0.8606665730476379,1.2574015855789185,0.9839320778846741,0.01609937660396099,1.6668436527252197,-5.364323139190674,-1.7072672843933105,11.959389686584473,0.7780829668045044,8.09770393371582,1.1987247467041016,-19.444141387939453,-0.8112430572509766,0.014977674931287766,0.512851893901825,1.1544557809829712,0.5241795182228088,3.2736880779266357,1.099722146987915,2.7114665508270264,2.3019521236419678,17.420074462890625,0.49734488129615784,727.6126098632812,0.24144110083580017,1309.9227294921875,0.18817150592803955,-177.01036071777344,-0.34832096099853516,1848.6226806640625,0.1227443590760231,946.0857543945312,0.3502575755119324,-178.07757568359375,-0.32696375250816345,2802.422119140625,0.065043143928051,768.8012084960938,0.34301403164863586,-177.62986755371094,-0.3330736458301544,-7.076534748077393,-1.2232927083969116,11.616579055786133,0.8444548845291138,0.10129502415657043,0.08684275299310684,-0.012295994907617569,-0.9931767582893372,0.023783398792147636,0.8791173696517944,2.9633936882019043,2.630173444747925,20.07512855529785,0.6284770965576172,3.1213269233703613,3.832667827606201,-29.308937072753906,-0.7898446321487427,3.018307685852051,2.028498888015747,0.09644076973199844,0.009622842073440552,0.014985830523073673,2.04081654548645,1.3840831518173218,0.07750000059604645,0.06339360773563385,0.49799999594688416,0.5355520248413086,-47.691551208496094
seg_0029,E:\Project\Python\dataProcess\Script\data\math\llm_reseg_fuzzy\audio\seg_0029.wav,36.18840789794922,0.20219987630844116,29.846054077148438,34.686309814453125,41.98196029663086,12.135906219482422,401.6862487792969,516.6717529296875,176.15882873535156,275.9328918457031,0.12619085609912872,0.7288202047348022,0.043350741267204285,0.09893937408924103,0.20332154631614685,0.15997080504894257,2.1139700412750244,1.65217125415802,1.259021520614624,0.8594247698783875,0.01735099032521248,1.0799891948699951,-2.9402589797973633,-4.0280070304870605,13.682177543640137,0.7483704686164856,4.578375816345215,2.9745423793792725,-18.049251556396484,-0.7276480793952942,0.030116260051727295,1.528244137763977,1.1437572240829468,0.5687764286994934,4.644320964813232,0.9693407416343689,8.159863471984863,1.2254207134246826,16.637670516967773,0.6331049799919128,755.2799682617188,0.3847638964653015,1268.559326171875,0.2209452986717224,-144.22166442871094,-0.5921980738639832,1822.361083984375,0.16274118423461914,926.9158325195312,0.34039565920829773,-134.72718811035156,-0.635709285736084,2799.9033203125,0.087966687977314,860.5473022460938,0.35895127058029175,-133.90538024902344,-0.6443383693695068,-7.108626842498779,-1.3627045154571533,13.195320129394531,0.8391816020011902,0.10388229042291641,0.1676921546459198,-0.004880872555077076,-3.1741249561309814,0.028530683368444443,0.6378993391990662,2.6004559993743896,4.317936420440674,12.54493522644043,0.9877535700798035,0.6916841864585876,23.26865005493164,-23.672086715698242,-0.5988715887069702,0.6426633596420288,4.514735698699951,0.09887483716011047,0.009059625677764416,0.011304893530905247,2.723463773727417,2.5183629989624023,0.1304166615009308,0.1062026098370552,0.25285714864730835,0.2602643668651581,-45.85987854003906
seg_0030,E:\Project\Python\dataProcess\Script\data\math\llm_reseg_fuzzy\audio\seg_0030.wav,34.73244857788086,0.1517006903886795,28.584217071533203,37.07587432861328,39.62257385253906,11.03835678100586,132.17251586914062,122.11384582519531,59.2370491027832,52.50221252441406,0.09710117429494858,0.5559625029563904,0.042133841663599014,0.08935651183128357,0.14846904575824738,0.10633520781993866,1.4053252935409546,0.7472748756408691,0.5976431369781494,0.43044131994247437,0.01197023130953312,0.8292838335037231,1.7135469913482666,5.9177327156066895,15.401732444763184,0.564447283744812,8.705657958984375,1.4850420951843262,-17.392168045043945,-0.6346293687820435,0.026610631495714188,1.4617398977279663,0.9286910891532898,0.6050972938537598,6.015369415283203,0.5074630379676819,9.079959869384766,1.1213339567184448,21.1220645904541,0.3285366892814636,802.2705078125,0.26837363839149475,1277.9581298828125,0.1673424243927002,-136.31297302246094,-0.6363434791564941,1907.30029296875,0.13503263890743256,936.1937866210938,0.3903978168964386,-132.81288146972656,-0.6341981887817383,2860.11328125,0.07329075783491135,816.072265625,0.32974061369895935,-132.53158569335938,-0.6379444599151611,-10.785185813903809,-0.795005738735199,16.493873596191406,0.5827299952507019,0.10107827186584473,0.17321208119392395,-0.008498456329107285,-1.8484575748443604,0.0187956802546978,0.5002110600471497,6.680454730987549,1.2412782907485962,17.4184513092041,0.577886164188385,2.266118288040161,6.43846321105957,-24.383115768432617,-0.4602716863155365,-2.069371461868286,7.582071781158447,0.09575308859348297,0.008124623447656631,0.00775226391851902,3.187251091003418,2.816901445388794,0.11999999731779099,0.06546536833047867,0.22923076152801514,0.1641978770494461,-50.4595947265625
seg_0031,E:\Project\Python\dataProcess\Script\data\math\llm_reseg_fuzzy\audio\seg_0031.wav,35.880924224853516,0.1719675362110138,29.813417434692383,36.67948532104492,41.53645706176758,11.723039627075195,187.00665283203125,162.19126892089844,244.72540283203125,483.8711853027344,0.10073655098676682,0.7556490898132324,0.03973624110221863,0.06483598053455353,0.1563788205385208,0.11664257943630219,2.487584352493286,1.794585108757019,1.4080173969268799,1.4663405418395996,0.014475996606051922,1.2221673727035522,0.6797226667404175,12.895956993103027,12.486495971679688,0.6558078527450562,8.024564743041992,1.5510826110839844,-17.958114624023438,-0.6563621163368225,0.028544282540678978,1.4043899774551392,1.048448920249939,0.6295846104621887,5.65372896194458,0.6113073825836182,6.49334192276001,1.440435767173767,17.50092315673828,0.47505566477775574,668.911376953125,0.38716763257980347,1409.852294921875,0.24734686315059662,-146.5142822265625,-0.5849980711936951,1771.741943359375,0.15927641093730927,910.7552490234375,0.32624393701553345,-138.71485900878906,-0.6091999411582947,2742.6328125,0.093820720911026,886.421630859375,0.30650997161865234,-137.74758911132812,-0.6228324770927429,-9.855413436889648,-0.6820521354675293,15.64341926574707,0.4648435115814209,0.10675825923681259,0.1711021214723587,-0.007459157146513462,-1.6644330024719238,0.02660464122891426,0.6933828592300415,6.305389881134033,1.341520071029663,11.764622688293457,0.9396966099739075,2.1583611965179443,7.575270652770996,-21.257320404052734,-0.6421656012535095,-1.4624320268630981,6.544554233551025,0.09788332134485245,0.007369071710854769,0.008542911149561405,2.9968454837799072,1.9108281135559082,0.16583333909511566,0.09304643422365189,0.3358333110809326,0.4680715501308441,-48.72065353393555
seg_0032,E:\Project\Python\dataProcess\Script\data\math\llm_reseg_fuzzy\audio\seg_0032.wav,34.62199783325195,0.19964079558849335,28.68986701965332,32.28118896484375,41.73445129394531,13.044584274291992,221.90159606933594,171.24468994140625,349.72808837890625,326.4683532714844,0.12233240157365799,0.7587398290634155,0.0411667600274086,0.10130751132965088,0.18472522497177124,0.14355847239494324,1.9927417039871216,1.2359473705291748,1.2990208864212036,0.6787453293800354,0.017542287707328796,1.28544020652771,-3.9268910884857178,-2.8210530281066895,12.58979606628418,0.8288848996162415,7.497889518737793,1.7162483930587769,-17.025793075561523,-0.6479011178016663,0.04575049504637718,1.4541857242584229,1.3592779636383057,0.738788902759552,3.282714366912842,0.9941684603691101,8.646710395812988,1.1044249534606934,17.264942169189453,0.4775073826313019,760.362548828125,0.3627779483795166,1288.75244140625,0.22850896418094635,-152.95932006835938,-0.5305370092391968,1808.850830078125,0.15427599847316742,948.9129638671875,0.3078081011772156,-148.59364318847656,-0.5410035252571106,2756.12890625,0.0896911472082138,895.600341796875,0.4257633090019226,-147.71304321289062,-0.5504732131958008,-7.917248725891113,-0.9204566478729248,14.146501541137695,0.5735808610916138,0.10819500684738159,0.15631645917892456,-0.005660508759319782,-2.311445951461792,0.024899519979953766,0.5281654000282288,3.451643228530884,2.876741886138916,11.965680122375488,1.0591261386871338,4.007831573486328,3.5939278602600098,-19.922842025756836,-0.6636708974838257,1.240484356880188,3.7504305839538574,0.0975780040025711,0.008316838182508945,0.014606272801756859,3.278688669204712,2.7510316371917725,0.09049999713897705,0.0635196790099144,0.28111109137535095,0.3281918168067932,-46.60957717895508
seg_0033,E:\Project\Python\dataProcess\Script\data\math\llm_reseg_fuzzy\audio\seg_0033.wav,36.59575271606445,0.22360646724700928,29.21019744873047,35.778770446777344,40.78617477416992,11.575977325439453,340.7438659667969,356.7046813964844,268.461669921875,287.8495788574219,0.11720683425664902,0.7846902012825012,0.045365720987319946,0.08382569253444672,0.17836931347846985,0.1330035924911499,2.678776741027832,1.6769096851348877,1.1175930500030518,0.6369729042053223,0.017497865483164787,1.386286973953247,-4.02988338470459,-2.6499216556549072,13.185958862304688,0.8394079208374023,3.7761192321777344,3.611940860748291,-16.862714767456055,-0.7779179215431213,0.05918825417757034,1.7338818311691284,1.2973904609680176,0.6880201101303101,3.9016683101654053,1.088535189628601,4.735334873199463,2.3820645809173584,16.820377349853516,0.6379044651985168,801.9762573242188,0.3236560821533203,1233.202392578125,0.22466206550598145,-164.2845916748047,-0.43353089690208435,1883.70556640625,0.1334267407655716,1018.5182495117188,0.474459171295166,-160.14541625976562,-0.44829341769218445,2835.948974609375,0.08270950615406036,922.110595703125,0.408379465341568,-159.41213989257812,-0.455209344625473,-6.692817211151123,-1.7511481046676636,13.192071914672852,0.9632485508918762,0.10520941764116287,0.15573160350322723,-0.006310571450740099,-2.003664493560791,0.03400786593556404,1.0685436725616455,1.4947295188903809,8.511663436889648,13.465729713439941,1.116015911102295,-1.6298409700393677,-10.058369636535645,-22.524450302124023,-0.5665352940559387,0.4483968913555145,4.403927326202393,0.09844139218330383,0.006537593901157379,0.012910471297800541,3.107861280441284,2.5711662769317627,0.07571428269147873,0.056088484823703766,0.3029629588127136,0.248935729265213,-46.697261810302734
seg_0034,E:\Project\Python\dataProcess\Script\data\math\llm_reseg_fuzzy\audio\seg_0034.wav,35.993446350097656,0.1645648181438446,30.763626098632812,35.41163635253906,42.232765197753906,11.469139099121094,89.45362854003906,21.090742111206055,70.48885345458984,44.33690643310547,0.10273067653179169,0.6816081404685974,0.03892018273472786,0.08174001425504684,0.16985037922859192,0.13093020021915436,1.3562718629837036,0.90709388256073,0.930385172367096,0.6407875418663025,0.012360162101686,0.9982061386108398,-1.036131501197815,-10.129305839538574,13.791736602783203,0.6175738573074341,6.092135429382324,2.05387806892395,-13.451632499694824,-0.775210976600647,0.02813761495053768,1.3696105480194092,1.0014406442642212,0.6246417760848999,5.237541198730469,0.7859891653060913,8.483976364135742,1.1693410873413086,17.21077537536621,0.40166932344436646,722.6998291015625,0.3869777023792267,1304.2149658203125,0.17801526188850403,-155.48179626464844,-0.5010825395584106,1764.9049072265625,0.15928924083709717,958.3443603515625,0.36356449127197266,-146.2073211669922,-0.5527492761611938,2765.290771484375,0.08904474228620529,892.5513916015625,0.4301743805408478,-146.45669555664062,-0.5489137172698975,-9.078399658203125,-0.9483277201652527,15.015380859375,0.6364597082138062,0.10226085782051086,0.17378093302249908,-0.0017283429624512792,-7.933035373687744,0.022613123059272766,0.5617682933807373,3.7606892585754395,2.718909978866577,13.109026908874512,0.8183192610740662,-1.588934302330017,-8.405768394470215,-17.910884857177734,-0.6514694094657898,-1.6391186714172363,7.067320346832275,0.09798033535480499,0.008250094018876553,0.007984509691596031,3.5036497116088867,2.0618557929992676,0.1307142823934555,0.08284790068864822,0.3100000023841858,0.5533895492553711,-49.45725631713867
seg_0035,E:\Project\Python\dataProcess\Script\data\math\llm_reseg_fuzzy\audio\seg_0035.wav,37.17548751831055,0.20114126801490784,30.357723236083984,38.70292663574219,41.55076217651367,11.193038940429688,94.5926742553711,0.0,-133.76382446289062,118.44770812988281,0.10796676576137543,0.8602327108383179,0.039980556815862656,0.0589587539434433,0.1910775899887085,0.15109702944755554,1.7709870338439941,0.9548726677894592,0.7699510455131531,0.8297569751739502,0.015101026743650436,1.454511284828186,-2.618429183959961,-3.3073463439941406,11.544937133789062,1.0013318061828613,5.812472343444824,1.6921824216842651,-12.11463451385498,-0.8095525503158569,0.01813739538192749,0.8630963563919067,1.2902774810791016,0.609651505947113,3.9212636947631836,1.2811378240585327,9.55585765838623,1.479150652885437,12.274515151977539,0.9655914902687073,718.6890869140625,0.3310917317867279,1344.666015625,0.20868590474128723,-159.705078125,-0.47312435507774353,1741.484375,0.15598860383033752,1023.0404663085938,0.29411882162094116,-148.95184326171875,-0.5365453958511353,2742.792236328125,0.0813959613442421,852.9414672851562,0.24199794232845306,-149.183837890625,-0.5317088961601257,-3.893541097640991,-2.4813785552978516,9.73794174194336,1.1707924604415894,0.08966148644685745,0.1776825338602066,0.0014049302553758025,10.698972702026367,0.03617142140865326,0.6404801607131958,-0.8078219890594482,-13.205830574035645,8.91263484954834,2.0615756511688232,-2.74379563331604,-3.53993558883667,-17.73475456237793,-0.6839616298675537,-0.0466996431350708,5.183028697967529,0.09499920904636383,0.012786129489541054,0.007146504707634449,2.500000238418579,2.136752128601074,0.11800000071525574,0.10961751639842987,0.4099999964237213,0.386005163192749,-46.72829818725586
seg_0036,E:\Project\Python\dataProcess\Script\data\math\llm_reseg_fuzzy\audio\seg_0036.wav,39.567649841308594,0.3452484905719757,29.3236026763916,30.73626708984375,59.452701568603516,30.129098892211914,114.74966430664062,0.0,-1.8528995513916016,30.81186294555664,0.18223845958709717,0.5800749063491821,0.07472224533557892,0.164931520819664,0.2839835584163666,0.20926131308078766,2.7013144493103027,1.6695564985275269,2.0541861057281494,1.7790566682815552,0.038215361535549164,0.9294893145561218,-12.18332576751709,-1.3461097478866577,21.888681411743164,0.46241095662117004,11.595980644226074,0.7627354264259338,-18.204538345336914,-0.45171183347702026,0.028117738664150238,0.4629058837890625,1.2742044925689697,0.35412415862083435,0.7093181610107422,8.001287460327148,7.779186725616455,1.1447492837905884,10.7481689453125,1.8312363624572754,980.9713745117188,0.23037251830101013,1091.35302734375,0.38169339299201965,-138.8792266845703,-0.5988065600395203,2004.200927734375,0.11936990171670914,980.07763671875,0.2619325518608093,-119.2127685546875,-0.7161456942558289,2911.291748046875,0.056913625448942184,810.1400146484375,0.22443531453609467,-114.47203826904297,-0.7821909785270691,1.8803553581237793,8.934403419494629,2.793154239654541,6.731359481811523,0.09649635851383209,0.13046526908874512,0.003018569201231003,4.2220001220703125,0.04817967489361763,0.6236326694488525,-8.143165588378906,-2.4145939350128174,22.946950912475586,0.5087729692459106,10.150079727172852,0.6007475852966309,-20.548830032348633,-0.24474820494651794,7.750711441040039,-4.038173198699951,0.09432343393564224,0.011815122328698635,0.034042373299598694,4.081632614135742,5.376344203948975,0.07000000029802322,0.03405877202749252,0.07833333313465118,0.03531603142619133,-42.33208084106445
